timestamp,cortisol_ug_dL,lactate_mmol_L,uric_acid_mg_dL,crp_mg_L,il6_pg_mL,body_temp_C,heart_rate_BPM,blood_oxygen_pct
2025-05-08 11:55:15.125166,15.587010982883083,1.2681350857176628,5.414953014276498,1.0211702238396958,1.6497255217938527,37.002599138919344,74.58656393973402,97.0538947565012
2025-05-08 11:55:15.625166,14.732701458279138,1.3777734140678064,5.467604784300357,1.1081422906732465,1.6621591533228586,37.019451710839014,76.004229372128,97.08523510089427
2025-05-08 11:55:16.125166,15.338908409786049,1.3354102378352743,5.378861486787439,1.1185610004083717,1.7044005218375495,36.99076062139739,75.86896808136609,97.13694981019482
2025-05-08 11:55:16.625166,14.966614929957098,1.2337305737246584,5.276151451489319,0.9876041783224121,1.5496865519635517,37.02179629052095,76.70675738465869,97.24166209556763
2025-05-08 11:55:17.125166,15.34360747434857,1.4150505620186788,5.479619206781239,1.0687073429942986,1.6404839003405658,37.04813491662406,77.46763697774374,97.04532823586074
2025-05-08 11:55:17.625166,14.941666766022728,1.443627342879617,5.340899671860744,0.9193257573776191,1.6332516069346545,36.970222422254466,78.82384246136901,97.22378639513181
2025-05-08 11:55:18.125166,15.243107789430649,1.3610288947047262,5.411822614129516,1.111602843337364,1.473748608951117,36.995613300214494,77.08849532001653,97.07674715717272
2025-05-08 11:55:18.625166,15.19467061305981,1.5123590649160104,5.368780918238166,0.9964969661883333,2.03956947762731,37.01332813473742,79.7292887955916,97.36750905717813
2025-05-08 11:55:19.125166,14.552336297732861,1.4690850619741695,5.4478308646281235,1.144845167323762,1.8088639776022726,37.01915179914221,79.03228259747233,97.25633545353305
2025-05-08 11:55:19.625166,15.253754143086832,1.4785067990069058,5.296518717437725,1.0013793031387572,1.684508665232623,36.973777279497725,79.35822640571466,97.3842528333945
2025-05-08 11:55:20.125166,15.384591345659999,1.4978131623471918,5.4108763095777395,1.0983129793356643,1.9882494658308072,37.011158221344374,79.27599693068787,97.28871661318179
2025-05-08 11:55:20.625166,15.419363030438827,1.5404562563284872,5.444311769995578,0.8140434743231393,1.9562862519849604,37.01273297003397,80.915989610204,97.25885868170135
2025-05-08 11:55:21.125166,14.818883326923174,1.4476232346602453,5.593688986205697,1.0394489863575114,1.8978551352593092,36.96333258000133,80.8501624335655,97.30966021773769
2025-05-08 11:55:21.625166,14.94706359201548,1.5804410459868736,5.300004799181186,1.2340702614912478,1.7450901940953059,37.013967353919526,80.35751487291455,97.44981609027269
2025-05-08 11:55:22.125166,15.30264295636728,1.533043139312608,5.327896029366246,1.0805378308701066,2.012215192406084,36.99203182321213,80.0975510591461,97.4272347167769
2025-05-08 11:55:22.625166,15.650665613848105,1.4653661761609034,5.2772408493366125,1.0804088463080668,1.9799942277379923,36.98338857862358,79.42799386676027,97.59731337594027
2025-05-08 11:55:23.125166,14.840854485033669,1.4590863159378007,5.312374152160509,1.0423560298970318,2.0610078776902974,36.986469930646344,80.84223268795294,97.54214851079665
2025-05-08 11:55:23.625166,14.929730055311081,1.47524740629881,5.494687500095254,1.0073833900811455,1.812116127654881,36.97418307725745,81.86971436239091,97.45522488685495
2025-05-08 11:55:24.125166,14.865273377876717,1.6133117629965645,5.433995776320877,1.2002694058963648,1.8444152724895089,36.99116085354466,80.46235488759893,97.44619567136387
2025-05-08 11:55:24.625166,15.065417569885287,1.520412354186456,5.364094688661568,0.9411554859718939,2.0666246185588104,37.02648242951583,79.16953114748611,97.44646925157143
2025-05-08 11:55:25.125166,14.993816869026,1.539068701899153,5.48814251441606,1.2216925798111555,2.0847734103167714,37.01316624842748,79.68525849861676,97.47828443963661
2025-05-08 11:55:25.625166,15.04333696173263,1.5917528819785882,5.435013852753064,1.1991112629823424,2.1141477667613175,37.03384830283404,78.89246040497719,97.58230936551628
2025-05-08 11:55:26.125166,15.305321116375566,1.6331506601937715,5.471441349707487,1.107286767142564,2.254619206778016,37.00927983660516,77.65474699032939,97.54805249900274
2025-05-08 11:55:26.625166,15.364990999403517,1.599689901350954,5.4558279113893615,1.0951220429040787,2.392224127942088,36.937850151709505,78.94487626021872,97.51978157881477
2025-05-08 11:55:27.125166,15.474303759469498,1.5167184508911047,5.571825079697937,1.0602232799714868,2.3244656809374162,36.972165780379534,77.43130772827902,97.59225328561472
2025-05-08 11:55:27.625166,15.173485353795746,1.6470250074219082,5.459836860286419,1.2406912666769838,2.3559315258817217,36.91663588906571,79.11794419860298,97.68239296098633
2025-05-08 11:55:28.125166,14.97002184687489,1.5281576217635309,5.5620782373756965,1.1783760501934153,2.210588606333647,36.96388277641698,77.70679382104265,97.5536337217259
2025-05-08 11:55:28.625166,14.926526815124028,1.5924747885885842,5.374750743020578,1.276736954998653,2.1838757498681214,37.00680406342824,76.86980336385453,97.71764473550736
2025-05-08 11:55:29.125166,15.327130279988046,1.6616452569387965,5.542663302234214,1.1607744356858145,2.745960829708145,36.987781810706565,78.08582288116662,97.42606237212675
2025-05-08 11:55:29.625166,15.419727536269342,1.7132241880484353,5.618025152333685,1.099686386057199,2.3109973980271263,37.00547502544896,75.79596600270482,97.58205840324355
2025-05-08 11:55:30.125166,14.713991937659465,1.636345720521329,5.6221211999909295,1.0407797570217165,2.4127106135452583,37.03567677920958,75.98042196795235,97.59583727172318
2025-05-08 11:55:30.625166,14.915014453270397,1.5113822796751737,5.561919630184685,1.1459318326125025,2.4454872344803147,37.04713758359924,74.87607183309942,97.44808083173025
2025-05-08 11:55:31.125166,14.73539851208902,1.602688988119212,5.540546475045291,1.0926687830810826,2.2579380399942024,37.02731557416444,75.07439171117211,97.32415536553462
2025-05-08 11:55:31.625166,15.513359380645433,1.7176743673761787,5.6623057042229625,1.1283631021015867,2.272271323491517,37.046702710380806,75.77744540404404,97.4396340831553
2025-05-08 11:55:32.125166,15.072189063249755,1.6114429980670542,5.634617623063915,1.0973350567513784,2.3673170873312097,36.97173307945221,74.3793949027505,97.52139947048238
2025-05-08 11:55:32.625166,14.856547783796497,1.5775340784351766,5.729809182204649,1.3472393419616295,2.3700891375731037,36.977084623958426,74.39636941967031,97.37729090688676
2025-05-08 11:55:33.125166,15.519113867981,1.7007263600604203,5.674058571978807,1.2136489939596697,2.5814117800337972,37.064274435232754,72.39650755609212,97.23760246303289
2025-05-08 11:55:33.625166,15.62378643803465,1.636950886561607,5.490802287909747,1.167218423528268,2.300746661760975,37.02139023494582,73.01363635389639,97.4037559148373
2025-05-08 11:55:34.125166,15.17103069668274,1.493369654837608,5.48060008475734,1.2689761607063923,2.573662397959725,36.93849992267841,73.00702141633143,97.35701023461839
2025-05-08 11:55:34.625166,15.145275682158731,1.6332517271120848,5.62040085502084,1.290894376823732,2.427563764901064,37.00310183136988,73.11167572137735,97.38716114097728
2025-05-08 11:55:35.125166,15.455631203152146,1.6124045830040916,5.63930628854433,1.228632669739004,2.6119360178170044,37.00481653779455,73.44516765212983,97.32832429969903
2025-05-08 11:55:35.625166,15.217962760442939,1.607331775950486,5.581078214742812,1.2402429432419197,2.65099236708492,37.02078861813991,72.77031977565387,97.190524501114
2025-05-08 11:55:36.125166,15.293490716754809,1.620596452727333,5.652434143523315,1.2578936879891114,2.508664564613143,37.0237596927259,71.32578135888843,97.18314939263391
2025-05-08 11:55:36.625166,15.493414005501908,1.5817545760783858,5.621358907104086,1.3668712163622858,2.822388348687771,37.009337834000235,71.90375534413795,97.07835178675445
2025-05-08 11:55:37.125166,14.698307323840215,1.5780919738502883,5.570778950325047,1.3450094311202125,2.611974742824152,37.08515959671905,70.54794249419689,97.16360308114467
2025-05-08 11:55:37.625166,15.600866828246646,1.4747862399713925,5.640032611243619,1.3225083361843861,2.544859761954939,37.04235084279199,70.6679860412328,97.01188922860779
2025-05-08 11:55:38.125166,14.950987617220042,1.5655898979267548,5.6764286763308895,1.3574689633571988,2.5067099726405537,36.97424197125381,70.16218038157575,97.05035106384659
2025-05-08 11:55:38.625166,15.174362901323159,1.5302301978885786,5.79361660037772,1.3465142401009431,2.7398161245040926,36.99900230881842,70.84116264109677,96.94037383919509
2025-05-08 11:55:39.125166,14.709013292488443,1.4917195928873475,5.7924911006440345,1.1972538133821635,2.5126147618625767,37.01569342877735,72.66948794671302,96.98960292841444
2025-05-08 11:55:39.625166,15.229122396257978,1.646342480545006,5.458012860128585,1.3669730431853042,2.760904916126822,37.00137547278209,72.13998899977146,96.96205250107612
2025-05-08 11:55:40.125166,14.960009676350184,1.493520232319396,5.607481897442393,1.1686649607542032,3.0376223169301553,36.93162461445416,72.50295223692254,96.95313470425502
2025-05-08 11:55:40.625166,15.054382962110587,1.4883438763062264,5.845824928071322,1.2008919526390958,2.802795021955173,37.030256299521476,72.13543517810625,96.77197213372139
2025-05-08 11:55:41.125166,15.016246982479899,1.4681958860296982,5.657908120067463,1.3712326458205735,2.826288319653643,36.98664634717385,72.12331600166814,96.84089859834032
2025-05-08 11:55:41.625166,14.971281319106838,1.4951925882185015,5.673840593096092,1.346107000389078,2.5753460687560055,37.03843611875329,72.77003157178189,96.75091943885514
2025-05-08 11:55:42.125166,15.537727881676524,1.4709002187041023,5.639119931675677,1.316735151836824,2.7246046262239214,36.98399977407788,73.5981387060133,96.77009103144923
2025-05-08 11:55:42.625166,14.855876735507941,1.3897570228703735,5.638710892572661,1.360625203254368,2.862799488125608,36.9881789801036,75.25750435093939,96.73856467782498
2025-05-08 11:55:43.125166,14.971420134901543,1.3696581121252163,5.685496820699771,1.2823260460175379,3.091899967083415,37.021554724137864,74.99300296821413,96.76251716300222
2025-05-08 11:55:43.625166,14.967586733463,1.3424870005781535,5.751095473801188,1.3642289899721725,2.6213767890981874,37.043746376736784,74.30616840713992,96.78099942621319
2025-05-08 11:55:44.125166,15.314303316346825,1.392327373096383,5.6510908321527,1.3874192607407818,2.5323288713026737,36.966401234720415,74.4675765226056,96.78464186208777
2025-05-08 11:55:44.625166,14.747183051349822,1.3320393507086479,5.591047019531157,1.2553069268224708,2.659126261561717,37.031960105169375,76.33327410532885,96.75637243911626
2025-05-08 11:55:45.125166,15.352852159177944,1.3291095668516542,5.757335979530492,1.4007646266612472,3.128397973644285,36.98257202500679,76.3419215267737,96.69793110160087
2025-05-08 11:55:45.625166,15.236157570935484,1.3482361369500757,5.747828548828278,1.3844609853491854,2.998533590402191,37.02526777448128,77.12804894154999,96.74734711920367
2025-05-08 11:55:46.125166,15.358872655905406,1.3014471032513193,5.856621588651636,1.3986235068009945,2.7083537325318603,37.01159618756281,77.19224608068544,96.69272550002665
2025-05-08 11:55:46.625166,15.463308454232486,1.332821062794003,5.616230944157802,1.4144654570919877,2.6174663809716336,37.01246565477577,79.24475127761413,96.53816351541467
2025-05-08 11:55:47.125166,15.59538569239332,1.2557971115568956,5.731606542544235,1.4215920519920657,2.9515070883921735,36.98444193925441,79.26546863795139,96.61477273837792
2025-05-08 11:55:47.625166,15.42426208563142,1.1710071853208055,5.774717106156784,1.5725759137299375,3.04464839307731,36.997708183961095,79.54025342492046,96.74742755433786
2025-05-08 11:55:48.125166,15.397860707391304,1.2570215930424142,5.8321786588348274,1.4445793867127796,2.799481666936446,37.011696235931204,79.6376697441361,96.60770696441139
2025-05-08 11:55:48.625166,15.323276570365495,1.181859215793653,5.88089416998586,1.3345453637498084,2.6339786353981003,36.93553286917741,78.81863753170107,96.54114967923199
2025-05-08 11:55:49.125166,15.274977138420969,1.2347538731655525,5.845350539642139,1.4874320671531291,2.6595086029430157,36.94797579594706,81.37373333499136,96.54916290901991
2025-05-08 11:55:49.625166,15.07305191432942,1.2679600326365246,5.763996700108265,1.250146758493632,2.9893847557539153,37.029560820956355,81.46373064976774,96.60087201043552
2025-05-08 11:55:50.125166,15.625105377512057,1.1564522962914885,5.646018209065248,1.4538367575401716,3.3624777807719295,36.97657817494788,80.30885019878616,96.57954030690945
2025-05-08 11:55:50.625166,14.799824227774344,1.1696165271244876,5.814992799467019,1.3256366015609211,2.606963520076912,36.977913360675736,81.87894798717204,96.52689461392838
2025-05-08 11:55:51.125166,14.926933127314951,1.1609093969367115,5.795969750528148,1.2208611397208606,2.59376629238485,37.01711428642852,81.5932385484021,96.66081021265856
2025-05-08 11:55:51.625166,15.063409045840782,1.1782061607478327,5.841244794074918,1.3862338598546002,2.8402330067040387,37.014312782631066,82.17958006149993,96.52375938936521
2025-05-08 11:55:52.125166,15.055250004870315,1.2181383327710629,5.842986457669726,1.4538531773433092,2.8007405433989376,37.04666639367536,81.79081120042304,96.56824520457981
2025-05-08 11:55:52.625166,15.042426077242297,1.1264049264567861,5.764686848221025,1.3062167180742037,2.9571270441807416,37.01805227614845,82.59945102170263,96.62250992096016
2025-05-08 11:55:53.125166,14.793529909085837,1.1043374742809842,5.717255378130759,1.244263530834719,2.4996414811234913,37.01399428958898,83.06784617016788,96.67556139863318
2025-05-08 11:55:53.625166,15.43945101098585,1.1454331549925498,5.839305392573709,1.3742933293540494,2.46245124788296,37.02023962217028,81.8198650845625,96.76408570795614
2025-05-08 11:55:54.125166,15.029189732462608,1.0317402766531576,5.775875395460005,1.2096648718476055,2.7385529703893208,37.009777593796564,81.97775249005674,96.50847234610299
2025-05-08 11:55:54.625166,14.916481486858695,1.1117030217196837,5.841501505349314,1.3458988856079963,2.7011631247401433,36.99384300036741,80.51217771524655,96.72584754589022
2025-05-08 11:55:55.125166,14.99442726010706,1.0668160494021228,5.837754237791976,1.4979731968788257,2.762098494960935,37.02604526513561,81.16217095291645,96.69705272932462
2025-05-08 11:55:55.625166,14.60906775204566,1.0031960602282053,5.852232258669608,1.3107683158903964,2.818110827788867,36.999179292904515,81.9757265192768,96.83066481912184
2025-05-08 11:55:56.125166,15.10110093761241,1.1277511686708979,5.7775907591342754,1.4587213059131365,2.852843350712537,37.004731546810675,80.0254084027519,96.74189358661116
2025-05-08 11:55:56.625166,15.109902959729974,1.1719135488294221,5.781978983629408,1.4527049145638422,2.704834505232083,36.98272277205296,79.43073591859195,96.90433020248922
2025-05-08 11:55:57.125166,15.315984875136467,1.1143051408898577,5.950294402765423,1.2906293234858737,2.6335433930203855,36.997978263163475,80.13407139155476,97.07294118925385
2025-05-08 11:55:57.625166,15.075559286075507,1.1066502460129568,5.949170417088394,1.552373938358701,2.416159966856988,37.01573066016785,79.64738463801743,96.81412172151886
2025-05-08 11:55:58.125166,15.661123272297564,0.946392590585214,6.014763242602684,1.4010619748796906,2.538380899561686,36.98651240314109,80.2140006182403,96.89112438183867
2025-05-08 11:55:58.625166,14.91853487965703,0.9954269588063953,5.787321910441549,1.4593924367944358,2.6968792014789704,37.02157518201873,78.29592273924534,97.09407962758331
2025-05-08 11:55:59.125166,15.059490830333369,1.0189445393346295,5.827358617831172,1.509693490938624,2.815322811638237,37.008723823206196,76.09377097486767,97.10496375450086
2025-05-08 11:55:59.625166,16.11591768405034,1.1128481810120727,5.77355536318543,1.4165760678258958,2.5453204018484414,37.027467811242055,78.17667308831105,96.99638334491833
2025-05-08 11:56:00.125166,14.917739943886966,1.2264418112880273,5.747943407566954,1.5257373377722794,2.4242454590164577,37.01106371481564,77.52225006624762,97.21205904090337
2025-05-08 11:56:00.625166,14.929403955774436,1.0675861124097894,5.8574362851084665,1.273968413790784,2.5648746882943274,37.028939689997124,76.38370370369967,97.24567534132204
2025-05-08 11:56:01.125166,14.628816796355238,1.059704036363871,5.621722538687654,1.4385985351177069,2.3370676340105163,37.00235658170437,76.56900793621662,97.27640089378104
2025-05-08 11:56:01.625166,15.374321427112694,0.9774759401944276,5.772077184522883,1.5054237323330921,2.188607564720606,37.06143363745579,75.82875458412607,97.28936625404417
2025-05-08 11:56:02.125166,15.760722736494827,0.9718801598684299,5.705357349539611,1.4501357198287048,2.3356684503701772,37.00518318245145,74.22484787692467,97.37341261917939
2025-05-08 11:56:02.625166,15.390634830640069,1.0629216185450625,5.862345207137091,1.404208369729276,2.3134751302589804,36.980793998829824,74.24721954852848,97.4127801667973
2025-05-08 11:56:03.125166,15.195314715869173,1.0447880217729184,6.029144033300888,1.4562178851149066,2.4125281638825,37.02445318201461,72.85690355272389,97.45519898958969
2025-05-08 11:56:03.625166,15.322207415074676,1.082077481941346,5.849681876804566,1.4626566642291747,2.1426492492305864,37.0162043041352,73.12671863510934,97.3719100422995
2025-05-08 11:56:04.125166,15.847936411187126,1.0431245266126556,5.7689019191595845,1.528302226558406,1.9927715623639983,37.074078680107064,72.48588433203145,97.36752835540928
2025-05-08 11:56:04.625166,14.981852333937868,1.128972082753756,5.83685885025141,1.3899067606521707,2.418571677533755,37.01021974488065,72.51732964938799,97.51509568546697
2025-05-08 11:58:07.364465,15.244006574770573,1.332486694044578,5.4428992456167595,0.17898222672098174,2.6700185134771375,36.98614964925783,74.4581624581918,97.0470790984315
2025-05-08 11:58:07.564465,15.401444393506555,1.4864394461788606,5.331072788481699,1.1875384791194386,2.3108813537018738,37.01322252333764,76.89649657043076,97.09915267377374
2025-05-08 11:58:07.764465,15.814552416643568,1.3837492959224216,5.341827463796311,1.8776414949114948,2.238520887649873,37.05086190024014,78.31928566510823,97.23529964490793
2025-05-08 11:58:07.964465,16.206550003546678,1.740196068201911,5.0902534770190995,1.661613253802421,3.3640207271294145,36.997520387755294,80.0079325503532,97.06445376977639
2025-05-08 11:58:08.164465,16.04983275042017,1.8495817546169342,5.676982965364652,1.5623349994693596,2.5916531476924423,37.05828977036384,81.61618692334707,97.66070498406782
2025-05-08 11:58:08.364465,16.092507344249338,1.794508784928648,5.380296426940907,2.0034177686978616,4.0164835241589145,37.0445388297258,83.34365026212754,97.73514604288954
2025-05-08 11:58:08.564465,17.23667825312563,1.8998966299038016,5.4106869374963305,2.2324632860421127,4.016913767874304,37.07432509936083,82.9744902883779,97.66026591336022
2025-05-08 11:58:08.764465,16.578946758491863,1.817299013526896,5.523915616729678,2.6258236311469147,3.469815284028454,37.016373579713154,84.78800132326256,97.60656329660964
2025-05-08 11:58:08.964465,17.254409886869375,1.860410798850553,5.359919212614524,3.002491279723158,4.257740187692576,37.08345746222507,83.5512742464275,97.85203500983441
2025-05-08 11:58:09.164465,16.796448341573026,1.690294835721589,5.600904046757256,2.7681241762264084,3.3067879551100448,37.040295124431736,82.4149101914067,97.72212638145346
2025-05-08 11:58:09.364465,16.300037275745694,1.7870589974501994,5.123909553507005,2.2194205648274847,4.173299288038366,37.05945572077247,84.24599964020196,97.59039338637709
2025-05-08 11:58:09.564465,16.714844228390287,1.3862083105345946,5.4908082763137385,2.5046404170651853,4.0827112759237005,37.13255511357363,82.02901424898151,98.03775105820166
2025-05-08 11:58:09.764465,17.035640918216977,1.351236246923937,5.619219517609726,2.5917121505697067,4.764286549888164,37.038128872353916,81.06623776954048,97.87151677498663
2025-05-08 11:58:09.964465,17.212778901340496,1.2119839106964876,5.563886896231692,2.282790869178372,3.8453533722427196,37.11252857086722,80.14453438478115,97.96842609205396
2025-05-08 11:58:10.164465,17.439402694333378,1.0215540298583943,5.556877895011953,1.8950877564609852,4.441908698438262,37.04456241894845,77.91737527759207,98.09115040036657
2025-05-08 11:58:10.364465,16.468424319477823,1.0628984676276727,5.90314104241848,1.1741973364951104,4.21114963152182,37.112681447500506,76.57715101586828,98.01996727574826
2025-05-08 11:58:10.564465,15.44796090776004,0.9926876052826256,5.713571786010904,0.9440009273314788,4.002484111209,37.07618014835113,76.81836751816192,98.22549732133977
2025-05-08 11:58:10.764465,17.31951096831136,0.8580287593472554,5.903979786607031,1.5297962645350303,3.8093947570773796,37.051646486886966,73.96262867539271,97.71439039275586
2025-05-08 11:58:10.964465,16.204237000595334,0.8858228583712755,5.741022760414881,1.2848962140828255,4.297606890214145,37.13964550542427,73.43274227169756,97.93306273427183
2025-05-08 11:58:11.164465,16.192400329897776,0.9958877327355038,5.689269187165046,1.1069546249093485,3.030110984204182,37.05313749868696,72.34920573697617,97.86208306535387
2025-05-08 11:58:11.364465,14.97588988675643,0.8678938147681139,5.902024576482486,0.2505613637281376,4.342937899944139,37.09519851550829,71.67343465322372,97.81094721732462
2025-05-08 11:58:11.564465,16.276111515828063,1.0675010263621567,5.743435265225412,0.1,3.5350399109634334,37.14159635100892,71.16997802828503,98.04700270073066
2025-05-08 11:58:11.764465,14.908954275607586,1.3569325071636757,5.681847992257686,0.1,3.704547086260733,37.071009808180484,69.23873049600965,97.64820566749933
2025-05-08 11:58:11.964465,15.930812716843166,1.2966778185240035,5.468651640860335,0.3980185588669085,3.852162222124424,37.085156277670265,71.5025975189281,97.81842003556882
2025-05-08 11:58:12.164465,15.443880029781592,1.4081329283140571,5.782067552509546,0.1,3.6138678502176274,37.08076620276111,72.5202282926707,97.58696452071595
2025-05-08 11:58:27.989113,15.23254720828487,1.2876017015370875,5.334677886188634,1.0064483238860653,1.5459085187069532,37.04833740977814,75.01350607549016,97.0235171364141
2025-05-08 11:58:28.489113,15.092021581929659,1.3295032493268877,5.340528314447431,1.0672323962463954,1.4725554615018908,37.04357883641945,74.97412738276759,97.12167448491867
2025-05-08 11:58:28.989113,15.530316911094067,1.310462453727559,5.4157753712702,1.0717107790585982,1.3555474627502748,37.00507037502645,74.98906601123946,97.15931452714179
2025-05-08 11:58:29.489113,14.983436758357264,1.2502511117224056,5.426982923281872,0.9124459097547585,1.4397517826843758,37.00799280908994,77.27762611753226,97.08423819340719
2025-05-08 11:58:29.989113,14.701993131430559,1.3261906036596904,5.387510422093961,0.9900510821619645,1.625350526252639,37.01046449634872,77.55081545136855,97.05067838105302
2025-05-08 11:58:30.489113,14.92812934053819,1.2915637691355477,5.4175854138985375,0.932887359712649,1.798347042968302,36.98361300970344,78.08569834290009,97.18161571757916
2025-05-08 11:58:30.989113,15.295428351403174,1.3620597238886205,5.233458338553113,0.7982507394165008,1.7053752608530586,37.0386230279479,78.15437999767099,97.3303629379393
2025-05-08 11:58:31.489113,15.287546949318207,1.4359222798536082,5.460765955395613,0.8625035489856281,1.8349736327485404,37.04590441303066,78.56774087820311,97.18830379856415
2025-05-08 11:58:31.989113,14.611865262843729,1.4477974083621883,5.451763865870139,0.9943786113784394,1.44762341851576,37.02657476254295,79.47413454414507,97.28546712061906
2025-05-08 11:58:32.489113,15.242445746279543,1.4536012146421076,5.348707723621497,0.9210044946405505,1.7605381107179334,36.96930979320086,76.39298174218132,97.31684604080182
2025-05-08 11:58:32.989113,15.226985223682359,1.3995471823490373,5.268664668138863,0.9747649514531723,1.8462631408081047,36.964162132857766,80.12565517073985,97.30213790344877
2025-05-08 11:58:33.489113,14.777068189493558,1.502053939260046,5.451195281275468,1.0650371615278615,1.8169243698150144,36.980971240148094,79.12355996461375,97.31152789747154
2025-05-08 11:58:33.989113,14.601149144157228,1.5267578464078215,5.305570839176954,1.0994635047438592,1.6865260601456469,36.99181365931538,79.88282016317682,97.47953366624186
2025-05-08 11:58:34.489113,15.328423370095289,1.5410884285520088,5.438074326501299,1.0997324002962352,1.7012080068310689,37.008137744650035,81.03789176648199,97.25874541363872
2025-05-08 11:58:34.989113,14.92523673868032,1.51200484232224,5.338195040702388,0.9693114536699966,1.931952596266759,37.00285205614399,79.7004330685019,97.41704318328631
2025-05-08 11:58:35.489113,15.075081703059551,1.4458406327998974,5.330083687651255,1.0051331752557473,2.051423346131397,37.00135232491724,80.27067239835401,97.34904230455226
2025-05-08 11:58:35.989113,14.968806476374986,1.5119806780570877,5.437587979368546,1.1742169325709169,1.9380195497905028,36.966197623207236,79.76001232509273,97.4999594995773
2025-05-08 11:58:36.489113,15.444945700032488,1.5323019121502728,5.396985375746555,1.160701336440479,2.30773315692951,36.95936651683115,81.23077328711817,97.32190732457111
2025-05-08 11:58:36.989113,14.853593423258262,1.6155003908535113,5.545239025100072,1.2412350346753251,2.112125737364257,37.01347703357482,81.1687350597817,97.58888182669777
2025-05-08 11:58:37.489113,15.119655489842033,1.4519008205675128,5.467057632940977,1.0246079621198578,1.971879338196573,36.97460583534887,79.11618989619764,97.45848030092385
2025-05-08 11:58:37.989113,15.107723341491514,1.551777801347768,5.531468347851005,0.9847534441575764,2.0758623368095286,37.00950530906676,80.73603311677508,97.67900739716883
2025-05-08 11:58:38.489113,15.156309935870155,1.6278096646095395,5.431789206354174,1.3059066060032718,2.1699445218153097,37.035753611971586,79.98824360572816,97.60722972772578
2025-05-08 11:58:38.989113,15.234178974105593,1.5763155644591904,5.605181298060729,1.0641145380635801,2.0668756989300476,37.03811700660773,80.74452831594489,97.39282433021317
2025-05-08 11:58:39.489113,14.783421889941764,1.597979233144214,5.667497891265895,1.1338314396216214,2.557666829562397,36.99437959756099,79.29449559956007,97.64473310484473
2025-05-08 11:58:39.989113,15.820125929944712,1.6133267413854246,5.510319924114529,1.0512430467653238,2.170548282065667,36.98223797929597,78.03511332613324,97.63042255240155
2025-05-08 11:58:40.489113,15.400258922442935,1.6478995054570986,5.458637556575111,1.2507807050360742,2.25888155021219,37.0057265661933,77.63658130471411,97.59661080275522
2025-05-08 11:58:40.989113,15.36234018394725,1.544179640255471,5.5800714237536635,1.1733967344346574,2.471150554186474,37.012471035047575,80.10525812932435,97.59338879646164
2025-05-08 11:58:41.489113,15.066913807202866,1.644149539328793,5.498125520901396,0.9795294070970836,2.037520582138525,37.04671617146212,77.34933376657001,97.60009425452405
2025-05-08 11:58:41.989113,15.064064950320631,1.6144275496431941,5.650918972001457,1.2946595014272118,2.3107526433159924,37.066352209429645,76.3883235173784,97.38165972208891
2025-05-08 11:58:42.489113,14.972512436045688,1.6192204724033405,5.595156775635049,1.1700955206059185,2.4947607513216736,37.01362599795375,77.23563447207178,97.55851194763089
2025-05-08 11:58:42.989113,15.098491582350997,1.5787324392168738,5.677223652678878,1.1890251371556253,2.2290396220295174,37.0017966265569,75.56690392088727,97.38242461835682
2025-05-08 11:58:43.489113,15.282201611235736,1.6005844297948655,5.5883419248821795,1.32657716610078,2.1793841846255404,37.00616024288281,75.23508465922059,97.46415424739183
2025-05-08 11:58:43.989113,15.031839257012875,1.5957044395176454,5.682696182693818,1.3088174089924869,2.3664435671527007,37.01085709548796,76.11365819595171,97.52439729799292
2025-05-08 11:58:44.489113,15.080563000159144,1.6890503535842063,5.635191910521283,1.1660104409033416,2.4463470771218443,37.00074730193666,74.73548482407304,97.36025762793773
2025-05-08 11:58:44.989113,15.030600896707881,1.630825189680826,5.576444427326189,1.1515009081596708,2.3491284851303647,37.00732042865021,73.52482019363624,97.27160011166386
2025-05-08 11:58:45.489113,15.355250812205592,1.5723815657971092,5.516735239961933,1.2059099296006166,2.369999405877432,36.97808626579991,72.32710105188998,97.38617992709779
2025-05-08 11:58:45.989113,15.199453617216617,1.5667462714707148,5.5303862010307565,1.2182701984679756,2.402896151551308,37.027073383413224,71.89926962481981,97.38892889440541
2025-05-08 11:58:46.489113,14.846821542173561,1.5769893258866243,5.728294446598538,1.2791588219317995,2.416382391138082,37.0007867007689,72.08201583874967,97.30488211340293
2025-05-08 11:58:46.989113,15.031368041127875,1.6675298553026507,5.5193234444084665,1.2938235834358918,2.618290751797655,37.06875947250441,72.03064389279453,97.21373650291052
2025-05-08 11:58:47.489113,14.50926363346917,1.5630385021543587,5.621009270508642,1.1946195542627152,2.7090798376151217,36.99369193926599,72.17379424457087,97.23693008714608
2025-05-08 11:58:47.989113,14.982160369210568,1.6948382153865835,5.46482857617736,1.3708077218916264,2.651247715699083,36.986639105122244,71.89310841277909,97.19088929896569
2025-05-08 11:58:48.489113,15.303863866716295,1.5660190804510175,5.548025492855119,1.1313246959935563,2.582220514424573,37.05061172768871,71.93340310019703,97.18420421336384
2025-05-08 11:58:48.989113,15.082516937243827,1.518374437380893,5.586999546117153,1.19458314083674,2.0728965998342543,36.985818891996225,70.92246550504511,97.15488729878047
2025-05-08 11:58:49.489113,15.217871141263265,1.536322390763683,5.700627276167344,1.3340133393842393,2.4314669319455775,37.017575600123024,72.28655111257949,97.0672625532964
2025-05-08 11:58:49.989113,15.351620046909265,1.5571713338946351,5.676115488475147,1.0916892900223778,2.6247014678905165,37.037806457179194,71.55654666113882,96.97061295406904
2025-05-08 11:58:50.489113,15.164470668541394,1.581869842258057,5.526581958678953,1.180125131142215,2.3764763775307753,37.01679384631319,71.70954159617946,97.07908408318393
2025-05-08 11:58:50.989113,14.749036007385449,1.5181814768066488,5.665742346505717,1.2945124535687726,2.3942581078039935,36.99555109361034,70.63066812720575,97.08898419824442
2025-05-08 11:58:51.489113,15.401253646212796,1.6179623226215087,5.577598437836292,1.1242627956541167,2.5057608683036614,36.988166446545044,71.38756127113345,96.9997584528771
2025-05-08 11:58:51.989113,14.87770849408206,1.5151005589631603,5.7008363134759765,1.143616668117188,2.8003061359891674,36.97345730590403,71.07777504712345,96.87745203046158
2025-05-08 11:58:52.489113,15.393337515700718,1.479879504133762,5.6569832900121675,1.1641282474495505,3.0078564397629264,37.01556914189547,72.35957487326321,97.07842285446547
2025-05-08 11:58:52.989113,15.46120054891159,1.576071268320245,5.830126462508168,1.136243589436219,2.819419616590954,36.99008967064356,71.7565708982464,97.0854158762401
2025-05-08 11:58:53.489113,14.926957829464758,1.5122447058448105,5.763545205786529,1.1595549927049555,2.633507011489531,37.02285422862653,72.27896514037019,96.78844941517953
2025-05-08 11:58:53.989113,15.52851478559594,1.4926119585932844,5.7267360113492245,1.3985761837340118,2.72814045620684,37.0289965384058,73.96880750188934,96.86818163597232
2025-05-08 11:58:54.489113,14.892237760276252,1.3996752050155372,5.6675949295198835,1.1941497350354662,2.5871414318482877,37.05271936989232,73.48951611084937,96.6504716409941
2025-05-08 11:58:54.989113,14.94190713604307,1.4794954493284906,5.586582039024225,1.3002128520523124,2.7135060918169485,37.01025970263329,74.6324554933304,96.93001055875881
2025-05-08 11:58:55.489113,14.60983917715726,1.3308907303223725,5.680412493650226,1.3085759836649715,3.0743737786536087,36.98327933843601,73.3759505748098,96.6456472122606
2025-05-08 11:58:55.989113,14.831421913286968,1.4439032110488923,5.824603854533981,1.3033000885344599,2.46158157164751,36.998038766334645,73.99193405375566,96.79709838800227
2025-05-08 11:58:56.489113,15.004960770051488,1.383720240357382,5.677439275854131,1.262231305186813,2.8077652901111554,37.027037968858004,74.18524542129836,96.53846865794428
2025-05-08 11:58:56.989113,15.114144171583222,1.3709227342182828,5.680442792261839,1.3185111337065265,2.844339596524893,37.056065943475936,77.61216512913069,96.75404389063448
2025-05-08 11:58:57.489113,14.679598139121547,1.2935151396967097,5.7936208268501375,1.5385512175617033,2.742924776255083,37.03352200394754,75.99163048167708,96.46735450093499
2025-05-08 11:58:57.989113,15.112017951218935,1.2821791548665789,5.717473028565489,1.2502993484721352,2.84281721770344,36.99059376422106,77.51069492609554,96.80147076247277
2025-05-08 11:58:58.489113,15.2751055300916,1.3021072594842027,5.836710894309631,1.282173893697138,2.736369190686477,37.033472916508586,77.61457871984527,96.63891336237506
2025-05-08 11:58:58.989113,15.045046124342838,1.3369820129873864,5.507371940224646,1.351303289525427,2.753736220751641,37.01577097404901,77.19759469663607,96.71637060355486
2025-05-08 11:58:59.489113,14.83467765209125,1.3878004065347518,5.783031976853213,1.3344968699814608,2.7698694910031647,37.06180632849169,79.12105172188595,96.72132105406392
2025-05-08 11:58:59.989113,15.489868698164553,1.3042622075557404,5.710033499616632,1.2587153168395084,2.5267199138528333,37.031763074487635,79.91180043697692,96.49707994193282
2025-05-08 11:59:00.489113,14.92148233203333,1.1075681742103876,5.9090895810347455,1.401624356498948,2.8751968972320063,36.99968996629057,78.36500207569827,96.50072926203809
2025-05-08 11:59:00.989113,15.2981035811733,1.207724636699771,5.698403484732581,1.3858141905220824,2.9814647480651653,37.07060019320821,80.01952253685012,96.27593239132638
2025-05-08 11:59:01.489113,15.703799051196723,1.2885216726480173,5.782015825567329,1.3548382913385044,2.9216013613669363,36.982859250588156,81.274106576079,96.53225990905025
2025-05-08 11:59:01.989113,14.946424932796889,1.2498810195109127,5.857658690236639,1.4651879499817237,2.7934503747819845,37.00984658670291,80.46719996798589,96.78284793815156
2025-05-08 11:59:02.489113,15.12554963854174,1.1750890534869427,5.552662688938179,1.4026490970961303,2.60349666960769,36.99038657091698,81.93918719412972,96.46638399512436
2025-05-08 11:59:02.989113,15.524650568567331,1.0963006360553236,5.908035398463109,1.2606981952969392,2.859100894639563,37.03048042814904,80.90685825318218,96.55314937599599
2025-05-08 11:59:03.489113,15.224452781587221,1.1176287304060228,5.8789057786949055,1.3101893622918201,2.765507476714117,37.022439758949375,81.42916296190108,96.54288213892306
2025-05-08 11:59:03.989113,15.6741569212557,1.0828390105910768,5.904417758832385,1.1962005647355884,2.7686385252138184,36.99250272189002,80.44017462303123,96.68180262318474
2025-05-08 11:59:04.489113,15.023104515209472,1.1322749239429981,5.544749398195507,1.379893339233941,2.8446091188853693,37.00435625921302,81.19073468488494,96.68731741132396
2025-05-08 11:59:04.989113,15.275452272035325,1.0201103532410285,5.828843487000941,1.2381733571729017,2.9068801214063957,36.9719250031703,82.10666549446216,96.74993800581572
2025-05-08 11:59:05.489113,15.937545705638353,1.1299270344373649,5.727209965594071,1.269591316537537,2.8469841993083156,36.99227145606302,81.6691508009654,96.69328201277138
2025-05-08 11:59:05.989113,15.123450853595006,1.0713105941496166,5.802473283329649,1.4487327170883135,2.5446965277839646,37.00593315684914,81.91287820974607,96.73560760319764
2025-05-08 11:59:06.489113,15.501578659644933,1.031407673512593,5.852719911843164,1.542077309047217,2.6712279383781525,36.98970878313699,81.87787067911279,96.71258129044296
2025-05-08 11:59:06.989113,15.44788231669636,1.0362291309577354,5.910165347664223,1.384300660144062,2.567662676191441,37.040034936083835,80.69091008491851,96.72435496851651
2025-05-08 11:59:07.489113,15.328894812431535,1.085777313112217,5.66257118041402,1.2883647778174003,2.742500581531331,37.018060855863204,80.45360569892938,96.89153951172942
2025-05-08 11:59:07.989113,15.124635240735635,1.1553818494491364,5.794106262743051,1.5158506957578033,2.599504034898992,36.98888552190776,82.0865071357475,97.02199911699661
2025-05-08 11:59:08.489113,15.74151477756923,1.0937887173804561,5.84496213370172,1.488503570982832,2.6273847592490367,37.02395306302326,82.09113964749653,96.84207273452036
2025-05-08 11:59:08.989113,15.198949025261742,1.1012194619656497,5.712127628462851,1.2765819518041321,2.4491392564688805,37.01932999488665,80.45973381230483,96.89334279463615
2025-05-08 11:59:09.489113,15.239208480160189,1.0201097552167953,5.746922895103474,1.6199452741232077,2.5297217498114137,36.97845114478294,80.70670852304112,96.6796620358591
2025-05-08 11:59:09.989113,15.103083601535062,1.0020873647999449,5.892131947957707,1.4145930325761806,2.5232649337870434,36.99612605708866,79.04071592812257,97.07496993884199
2025-05-08 11:59:10.489113,15.056416069914015,1.0464794413646203,5.734069179283226,1.4901465664071187,2.416836248115783,37.04605650388166,79.52582234688671,96.87112254574285
2025-05-08 11:59:10.989113,15.72225187269522,1.1612830666373624,5.622019482269467,1.4813729771099395,2.4480352782984394,37.04709091300551,79.06420333512246,97.08669452520216
2025-05-08 11:59:11.489113,14.699858388861324,1.009028015770306,5.841519711519264,1.4625318505350997,2.3878145809549656,37.001471814010486,78.75610631702092,97.13247772017215
2025-05-08 11:59:11.989113,14.981658212741372,1.049444841532528,5.913180426185401,1.5637633126025672,2.540870721606016,37.02870730631605,78.74921978047703,96.91381111365348
2025-05-08 11:59:12.489113,15.543354267449091,1.0481338400561975,6.05845112094733,1.3371726700565343,2.4425812207020123,37.0176968751524,77.32218859550187,97.10571341537998
2025-05-08 11:59:12.989113,15.261621762959422,1.0729688971203062,5.653410640890615,1.5589833397505164,2.4030170414894108,37.03636831437395,78.92672860671722,97.0079496130031
2025-05-08 11:59:13.489113,14.965488039019293,1.1038961818552753,5.8246826019457085,1.6601923672220786,2.365622090220095,36.993518223193476,76.89899228096178,96.95585088636673
2025-05-08 11:59:13.989113,15.259420846368453,1.095471801144371,5.734069833216937,1.5168170783688462,2.543307340461335,37.0207518843518,76.54079212610056,97.1523813681711
2025-05-08 11:59:14.489113,15.401769728969883,1.0001070566780381,5.866965638384865,1.3333722451103613,2.465581365130276,37.09518793466076,75.4880242567771,97.30652363088159
2025-05-08 11:59:14.989113,15.434695666151693,1.065381771548752,5.668566256044726,1.4243061155378813,2.0863162954234737,36.95954817864688,74.9805387982308,97.33970707393227
2025-05-08 11:59:15.489113,15.41744696109802,1.1432792408542,5.52522753608446,1.4624329377875263,2.7349771903162567,37.05153388672794,74.24769426454937,97.44071389179688
2025-05-08 11:59:15.989113,15.052097289489236,1.0638075459349507,5.741724992716014,1.5547029998332822,2.3333826202935795,37.018758609725204,73.64232367953056,97.38774243481622
2025-05-08 11:59:16.489113,15.657887113923685,1.160514856588319,5.773528659446453,1.440555054735881,2.3846867375499814,36.96283231435326,73.59196562222533,97.60586440157525
2025-05-08 11:59:16.989113,15.21775243535956,1.077007009263639,5.832880248777492,1.4449213585676701,2.254497772764057,36.95786393356937,72.88450908118746,97.23045001862216
2025-05-08 11:59:17.489113,15.477909229576245,1.0208546055406715,5.882123375677952,1.27543908648085,2.041477872699026,36.99908385814055,72.4914228546763,97.52500765279814
2025-05-08 11:59:17.989113,14.839585066652607,1.122609058184426,5.646209742984044,1.3319644809625424,2.5367773536629237,36.99105724706519,71.16498495552183,97.55714202170101
2025-05-08 11:59:18.489113,15.478001257307662,1.13225844536161,5.850381600474404,1.4342872464394505,2.200143885435908,36.96744249662386,73.03704039927766,97.63617812750253
2025-05-08 11:59:18.989113,15.446585987212549,1.1066251092931776,5.8471836348668615,1.3677486259163536,1.974580497540165,37.026149281718034,72.4057326120723,97.63840244639445
2025-05-08 11:59:19.489113,15.46059030856234,1.0225438612071012,5.898657768765745,1.3242887287668883,1.8507455997047135,37.00263747389115,72.63574278800567,97.60495218556419
2025-05-08 11:59:19.989113,15.147585154437909,1.11358912156652,5.761061427513873,1.5163532696972273,2.1373034183983526,37.016935699458905,72.04106043293677,97.56752637425281
2025-05-08 11:59:20.489113,15.218770766239823,1.1346509837092287,5.814814538015273,1.394516231956736,2.131296784837276,37.009910640152896,73.70637557471275,97.4574039140928
2025-05-08 11:59:20.989113,15.314793471806052,1.0833079399413106,5.887746980582595,1.3473267705425218,2.308182441019058,36.96149031106914,72.91042184135675,97.58805213285999
2025-05-08 11:59:21.489113,14.659921393149391,1.0973993977977348,5.704138045205034,1.4120785265347926,2.0114625684032004,36.99849108659031,71.69820481342082,97.50121574256251
2025-05-08 11:59:21.989113,15.46262286180903,1.1897112807523733,5.799911957519484,1.537424488963897,1.9007485729355829,36.98088427340404,70.81381995131093,97.70395262508781
2025-05-08 11:59:22.489113,15.279888763752727,1.144544374296589,5.835923942156404,1.4860372147007255,2.163707243137006,36.994378890992245,73.0968641869629,97.60894162121092
2025-05-08 11:59:22.989113,15.323492299230747,1.1832666343012546,5.908483460107389,1.4046299601824992,1.951753343725501,36.971193315687266,72.51941765450681,97.76428566676944
2025-05-08 11:59:23.489113,15.176308745054738,1.2613477820467942,5.848583649612097,1.5284172402001601,1.676615494232615,37.01453068348636,71.89121928403048,97.36433470120303
2025-05-08 11:59:23.989113,15.391692374330589,1.2357543907837676,5.863458611617355,1.274508773608865,1.7582544162487892,37.00086212021883,73.76567665682963,97.61014146460491
2025-05-08 11:59:24.489113,14.926955713846102,1.1944928583038865,5.795217800280788,1.465686808302075,1.6033558830239196,36.99062134070289,73.29259689437053,97.64439508745079
2025-05-08 11:59:24.989113,14.923031181441111,1.2664060934790524,5.645724203162584,1.5618682536275645,2.0929523861839554,36.96383775458074,73.86345653336147,97.72140876014167
2025-05-08 11:59:25.489113,15.83267900003114,1.3066171332512377,5.792689934196405,1.4893889127901014,1.409296326386489,36.95644923192978,74.54207043071109,97.48438603803561
2025-05-08 11:59:25.989113,15.395076887337392,1.2516999696791784,5.700473787365886,1.3484288897612513,1.863733128590166,37.00791732279996,74.27953302826343,97.64000401350839
2025-05-08 11:59:26.489113,15.385575770317656,1.367056917357892,5.792706431532232,1.5370505995688886,1.5584315435660274,37.022433576830146,74.90098105036407,97.6276620060664
2025-05-08 11:59:26.989113,14.764514494544184,1.3253458512693845,5.815803772023121,1.526375098786722,1.6987143219659566,36.98195050732366,76.9961134963043,97.40593189364542
2025-05-08 11:59:27.489113,15.153647519198957,1.2444456704238034,5.8137659570784415,1.4105720212066581,1.8722397227607281,36.99511376608572,76.03431485946307,97.67058384727515
2025-05-08 11:59:27.989113,15.005948435036704,1.5015112684813054,5.662500104081281,1.443226872185295,1.549813640646244,37.00840486762777,76.414160641627,97.51971653572893
2025-05-08 11:59:28.489113,15.282730851151666,1.3335997581222467,5.843984471975051,1.4911504791541537,1.5778340691198924,37.05211758407059,76.4732046717476,97.68339139647333
2025-05-08 11:59:28.989113,15.01702262134445,1.3132458582309356,5.6194079266782495,1.4618373376460656,1.6825313600280503,37.05397210645029,79.37366562004843,97.46691712982005
2025-05-08 11:59:29.489113,14.994573068820557,1.4844966565279054,5.751341301937305,1.3552810644789917,1.5334277274162014,36.99807643217684,78.39066877378987,97.43593709661316
2025-05-08 11:59:29.989113,15.449827864242183,1.434497603121298,5.785558941143317,1.4332290492813853,1.6564848832366088,37.01428570423128,79.5298882452911,97.51354510510349
2025-05-08 11:59:30.489113,15.035915065242538,1.3841984107354914,5.834241454161657,1.4478687827920436,1.5765921471651223,37.04012628521261,78.03774822911876,97.52218437188336
2025-05-08 11:59:30.989113,15.480173208872385,1.342352155433516,5.525203165423974,1.5036830907359993,1.577017545456993,37.02108025047669,79.59447746572188,97.48886067403961
2025-05-08 11:59:31.489113,15.186889978357051,1.3669885562997541,5.753850838287014,1.3390031792827355,1.2402942399855408,37.03816172041816,80.46625046860872,97.48546499659128
2025-05-08 11:59:31.989113,15.405769734855253,1.5465624685739194,5.788995181750756,1.2656064877645776,1.648061045068551,37.00422365199378,80.46722958747085,97.33236735821392
2025-05-08 11:59:32.489113,14.72085095102468,1.5083260917724646,5.829223105419919,1.4518489887670545,1.083827827080838,36.98769420906262,81.79621035018674,97.40341994145659
2025-05-08 11:59:32.989113,15.391960021781104,1.424478690758257,5.809209778427128,1.5821504610445525,1.3435801151355093,37.063775683996006,81.77261041643969,97.27398330669982
2025-05-08 11:59:33.489113,15.162779130822422,1.5196577715407094,5.876756523717451,1.59488206266032,1.2747246322375827,36.99866256747633,81.49683674348591,97.43631473530647
2025-05-08 11:59:33.989113,14.576118715299453,1.5532835178925666,5.673504927856729,1.474126988295422,1.2186690000853961,36.99201787105323,80.1017866398801,97.33517192839439
2025-05-08 11:59:34.489113,15.400497342828652,1.5284846631637905,5.766090530093985,1.254252145106849,1.3932190759740708,37.03443581392318,80.88487493954156,97.26454045601076
2025-05-08 11:59:34.989113,15.627797456363497,1.6027119118747457,5.536009329310128,1.4066338832904426,1.3034812033122265,37.070234094007986,81.22513136075143,97.21787397502814
2025-05-08 11:59:35.489113,15.673872230706943,1.5982416638405141,5.625608509072065,1.4782124347628673,1.078024858691327,37.02302121759924,82.42782486522603,96.87865025243626
2025-05-08 11:59:35.989113,15.426424463579153,1.5940437751538699,5.643891217899629,1.365948226202751,1.2620245298220696,37.033255195085225,80.92047391682603,97.14014975869206
2025-05-08 11:59:36.489113,14.424879393755756,1.5942860772599663,5.774243359330305,1.3865016436777404,1.2203088068491883,37.0418588752401,80.63863585122402,97.13738823700007
2025-05-08 11:59:36.989113,15.42261160084162,1.66378557599111,5.742954095547031,1.5018943689580044,1.0760371724031097,37.00709698997461,80.7948388519494,97.04208105966103
2025-05-08 11:59:37.489113,15.096767036503836,1.5512053457422719,5.524047709966314,1.3791636321538003,1.284680311581777,37.044210882285064,79.83231421185043,97.09031436027963
2025-05-08 11:59:37.989113,15.215903482780933,1.6207670337972186,5.893302596758193,1.3851605089719883,1.0553806258818053,37.00359492600253,80.09102899714884,96.98191475521143
2025-05-08 11:59:38.489113,16.129326305265113,1.6852312673819172,5.5430446739465955,1.3502220519628683,1.1111717361269013,37.00104332679498,78.72871997144935,96.82648937260566
2025-05-08 11:59:38.989113,15.519149503064899,1.6457717781777743,5.5747595941280235,1.3354134798625614,0.8263212250999036,36.99244693839761,80.71615586900727,96.98940388312315
2025-05-08 11:59:39.489113,15.500168645210131,1.662544038365657,5.653448206086389,1.5113224487388266,0.9776870374510512,37.02927927145402,78.90796194348289,96.96737882201188
2025-05-08 11:59:39.989113,15.720164060704102,1.6670710109445512,5.629317103324677,1.4004568031841664,0.626446734044711,37.03215480201762,78.01361659515084,96.92377814072312
2025-05-08 11:59:40.489113,14.836386117554671,1.6161517715181215,5.674019986867753,1.3483449214034606,0.8759155315828573,37.04123182207847,78.84238062312431,96.74614971062728
2025-05-08 11:59:40.989113,15.645263989413898,1.5824841773169154,5.661207901073732,1.4686829735700435,0.9680559347781289,37.01528955943622,78.94454663543587,96.96135511144361
2025-05-08 11:59:41.489113,15.238312328181669,1.7224678876120447,5.577116856408817,1.3598143530809885,0.9670431316488826,37.026088742579006,77.98384132257753,96.66479476838218
2025-05-08 11:59:41.989113,15.37674898232367,1.5253625969876965,5.460359885547709,1.5859006123472097,1.0532560645193811,37.04514811128561,77.0624824407706,96.99013421048373
2025-05-08 11:59:42.489113,15.198892634000993,1.6181258290577385,5.714779386179297,1.5233986655496268,0.8541785980686856,37.024319344561974,76.70317785373616,96.7879710100571
2025-05-08 11:59:42.989113,14.82444592603889,1.618513254968005,5.59885758878498,1.413618094763089,0.8363201436669093,37.0178195003296,76.32463030343013,96.85976107759207
2025-05-08 11:59:43.489113,14.960642716793563,1.6590146795685137,5.4749978289503956,1.5770230018508689,0.8308956689739451,37.025360286023194,74.7542523770011,96.81303933741972
2025-05-08 11:59:43.989113,15.722739044115091,1.7085672318826453,5.591800212302446,1.406250974258808,0.8039455898344908,36.964221008628314,73.93746279155971,96.91639151588869
2025-05-08 11:59:44.489113,15.550034906977176,1.6970887279159126,5.602586459434719,1.2762942524872345,0.7369853560663284,37.02475564931383,74.48467442313024,96.59990095156446
2025-05-08 11:59:44.989113,14.919100175928897,1.66417664975917,5.5765230824702945,1.465244615037924,0.922559604104671,36.99314482233487,74.78825691821102,96.70324644128458
2025-05-08 11:59:45.489113,15.006915976240016,1.7372739237497075,5.519596967542506,1.4812203892587859,0.626338433253747,36.972660845340855,72.86233578357366,96.72151490516144
2025-05-08 11:59:45.989113,14.702254085818911,1.6495909672660076,5.534651527797249,1.3707480200751916,0.2868802711126761,36.94517158420696,72.86851136804107,96.80328552730279
2025-05-08 11:59:46.489113,15.395155859180306,1.6164851480436855,5.656340698609771,1.4780074337114677,0.6369734861098741,36.9845665700222,73.39669928883325,96.64741427847736
2025-05-08 11:59:46.989113,14.947822395916186,1.6221601240215593,5.668704572939168,1.3672352251286526,0.5816438897517983,37.0290894424072,72.90571811295956,96.69811987815896
2025-05-08 11:59:47.489113,15.638488370499877,1.6858620829037272,5.6425419197515385,1.4954205451074083,0.7005417371482987,37.055003983155686,71.32700674867755,96.7777514887309
2025-05-08 11:59:47.989113,14.744359307407864,1.5957805307449449,5.436536057123398,1.301650002108803,0.7361621942195553,37.014040591732375,70.55131764412097,96.59960332666513
2025-05-08 11:59:48.489113,15.249208050402867,1.6362801593329535,5.469196093943308,1.3232692251645446,0.7137962288358733,37.060209355977875,70.80091398050578,96.75489594722728
2025-05-08 11:59:48.989113,15.06382544896853,1.6442958179374543,5.541562782026629,1.5249110472131715,0.8625898856380454,36.976878398161546,70.65428134748423,96.79195826926838
2025-05-08 11:59:49.489113,15.073749185409739,1.5561943745476787,5.618513749055349,1.284679975278526,0.7085771607376595,36.95315444017192,71.42605610562329,96.68104329715989
2025-05-08 11:59:49.989113,15.183318683492178,1.5939733815442216,5.451747849276794,1.3212799929455632,0.3228328006062534,37.06040670019875,70.26365566924919,96.57319129438527
2025-05-08 11:59:50.489113,15.36651886414158,1.5123606826317133,5.422364255609043,1.3734663212774307,0.5579811762679066,36.98587486975743,69.98228770410863,96.74304184512978
2025-05-08 11:59:50.989113,15.575804151686308,1.5462608679323735,5.427809325837956,1.3030183727631275,0.842284806021854,36.9914647839599,71.66518003411002,96.84579358498058
2025-05-08 11:59:51.489113,15.098098155657196,1.513063316667333,5.562626238345921,1.3150792794624513,0.7766538339830787,36.969372567077365,71.45169259985248,96.84517717684513
2025-05-08 11:59:51.989113,14.839221896995276,1.5366121714639407,5.452670829685243,1.3676292809179567,0.5619691966084698,37.02970590743446,70.42927925485044,96.82215002206334
2025-05-08 11:59:52.489113,15.102299466378494,1.4772804041705947,5.441994336531276,1.4355176654316084,0.6570376510149155,36.9567299767888,72.11985995457196,96.78077324813255
2025-05-08 11:59:52.989113,15.434229738216493,1.491563583420824,5.358001461952026,1.2894786952397221,0.6479148919810632,36.980993304107706,71.90733234767144,96.91723868961243
2025-05-08 11:59:53.489113,15.056527500947825,1.521509164091755,5.355166870888232,1.5301625125705125,0.5131485832220537,36.991378313529616,70.57552794857517,96.93434950591927
2025-05-08 11:59:53.989113,15.069758590638763,1.3763344604849497,5.4298652014306095,1.436900461826335,0.4919229073700959,37.002328606059066,72.96786371864322,97.05305083350865
2025-05-08 11:59:54.489113,15.127271039929488,1.4889437647950818,5.436578660658415,1.2498609905115838,0.3650912071372453,37.00500574540336,72.62748895649136,96.9716260282362
2025-05-08 11:59:54.989113,15.275758841108726,1.3965950936096707,5.2541450015092765,1.3978395344916525,0.15780050586260957,37.06788998017202,71.94294503726381,96.99199168959487
2025-05-08 11:59:55.489113,15.159360169212507,1.4261453214438715,5.29894760182663,1.4346819687858632,0.6019600522786739,36.98086230826266,72.04778760830742,97.0806353622102
2025-05-08 11:59:55.989113,15.24053647510022,1.421384156484886,5.441871180885421,1.4605629965104778,0.5174401145360262,36.99884664242975,73.49494693117862,97.04331353557782
2025-05-08 11:59:56.489113,15.576485129900421,1.3424465866972872,5.290372661854826,1.2133452141997472,0.6490356834862421,36.968593372301264,74.55320772332722,97.14021270181945
2025-05-08 11:59:56.989113,14.785886506522287,1.3606100663526568,5.10607218145456,1.3849973471888362,0.5920954804691103,37.02655606376059,74.43647513638321,97.27330058041622
2025-05-08 11:59:57.489113,15.353764070234893,1.429867852368218,5.371440622244777,1.4246832484559893,0.43358828173730907,37.006909875269294,72.78262174665925,97.14611410650433
2025-05-08 11:59:57.989113,15.732527305293306,1.3022572554831267,5.510052195882055,1.319534858314499,0.3591281373771931,36.991480055754806,75.43742987041509,97.05729267060714
2025-05-08 11:59:58.489113,15.273871426831647,1.3382310590164124,5.380718095711184,1.4766995646551897,0.36972570033508373,37.01045571818927,76.30959378314017,97.13802705520769
2025-05-08 11:59:58.989113,14.875159388228504,1.2900507589980696,5.246583828870139,1.3948640374978876,0.6277400255505626,36.996511265166156,77.12459550773679,97.34292969229548
2025-05-08 11:59:59.489113,14.857683824166017,1.2371381091697211,5.324869338915863,1.3337042687902925,0.417657677795782,36.937780666797195,76.64678496564025,97.2692542637387
2025-05-08 11:59:59.989113,15.116992988627159,1.337869099374178,5.22183241346141,1.1530687032610953,0.4514909825859851,36.96322166372927,77.22911599170723,97.43885411410663
2025-05-08 12:00:00.489113,14.889621602012783,1.2694983346201587,5.373639239862786,1.3865075298618852,0.765292142275825,37.037691256256025,78.21923726964103,97.39911985553758
2025-05-08 12:00:00.989113,15.399430419855968,1.267493624459707,5.216123873106021,1.224693310418521,0.3289540644785646,36.986555069286325,77.66863715007858,97.32270427748624
2025-05-08 12:00:01.489113,14.796887528024865,1.108720680980314,5.479686215157361,1.4163611651469714,0.34811528490856636,36.97671355374229,77.06484586200213,97.37675195152428
2025-05-08 12:00:01.989113,15.11685998850562,1.2433645125968704,5.128859051216878,1.3391384471874541,0.5144021731394488,37.02656392157701,78.3810709677491,97.32739006010756
2025-05-08 12:00:02.489113,14.940653500530095,1.2078834244537473,5.418151702938041,1.1588285387137696,0.836842474082103,37.02619418792882,79.24038573736715,97.60536972459532
2025-05-08 12:00:02.989113,14.830672474727898,1.1874037305548322,5.356531737513071,1.1469775957231934,0.2247215904685556,37.04172817409628,79.4756212415983,97.4272938643825
2025-05-08 12:00:03.489113,15.433133989670928,1.1003566676762182,5.285719055878405,1.1540714800146001,0.9594648199566196,36.96402780345744,78.48085998800917,97.56619752231732
2025-05-08 12:00:03.989113,14.824174078806676,1.0944887114404542,5.237068141516255,1.2028732539519884,0.4742127892187375,37.00000058488935,79.63911956515327,97.63571947473397
2025-05-08 12:00:04.489113,14.828541873213094,1.1343487899191107,5.263079265130216,1.3589775112541924,0.8030288354282551,37.05150060888783,79.61276097595848,97.48440202024597
2025-05-08 12:00:04.989113,14.905977775444319,1.1043608542922958,5.144662540316175,1.3428588415016576,0.3148860900411318,36.97175952001803,78.95569169689392,97.68823997541296
2025-05-08 12:00:05.489113,15.201489040744988,1.0904234309822975,5.337931527511169,1.4888142062719627,0.6282141856813966,36.956449348261884,80.42762810319917,97.61442730744119
2025-05-08 12:00:05.989113,15.052159130028235,1.0742548850311116,5.320360447883663,1.4464147209456253,0.6368162365959182,37.00098566878871,80.00302529266241,97.64344423233166
2025-05-08 12:00:06.489113,15.403828834348673,1.0343817120124408,5.089843846017935,1.3224675076194172,0.8274091554552188,36.972734326828224,78.09464342000811,97.62589165410007
2025-05-08 12:00:06.989113,14.98010041312819,1.1353910322591831,5.128087708191503,1.4817799558881237,0.4971498575504921,37.01110519755261,79.07045745835187,97.634260758446
2025-05-08 12:00:07.489113,15.3090355966121,1.1116569764439759,5.212281628869217,1.2664542383684059,0.5704848377182389,37.02000994154724,78.37733746439294,97.74162731014907
